trimer_1,AATTCCAACGGGTCTATTATAGACTCGCGG
trimer_2,AATTCCCAATGTTCGAGATAGACCCGTTGG
trimer_3,AATTCCGCGAGTCTATACTCGAACATTGGG
4mer_1,AATTCACTGATGACCTGTCGTCATAAGGCG
4mer_2,AATTCCACGGTTCATAGCAGGTCATCAGTG
4mer_3,AATTCGCCCTGAATGATCTATGAACCGTGG
4mer_4,AATTCGCCTTATGACGAATCATTCAGGGCG
5mer_1,AATTCATACCTGGGATCGATTTACGGCACG
5mer_2,AATTCTGCTGAGATACCTCGGACAGTACTG
5mer_3,AATTCAGTACTGTCCGAGATCCCAGGTATG
5mer_4,AATTCTTTACCAGGAGCGGTATCTCAGCAG
5mer_5,AATTCGTGCCGTAAATCGCTCCTGGTAAAG
14nt_1,AATTCAGGCCTGATATCG
14nt_2,AATTCGATATCAGGCCTG
16nt_1,AATTCCAGGTGAACAATTCG
16nt_2,AATTCGAATTGTTCACCTGG
18nt_1,AATTCAGTTCCCAAAAGATAGG
18nt_2,AATTCCTATCTTTTGGGAACTG
20nt_1,AATTCGCAGCATTAAAAAATCAGG
20nt_2,AATTCCTGATTTTTTAATGCTGCG
AG3,AATTCCTTAGGCTAGCAGCTAGCGAATTCCGTACGAAGGGCGAATTCCACATTGGGCTGCAGCCCGGGGGATCCTGCTAGCCTAAGG
Beier,AATTCGTTAATAGCGCCGTCTGTAGTAGGGAGGATGGTCCGGGGCCCCGAGACGACGTTATCAGGCGGCGCTATTAACG
Buf2,AATTCTTCAAGCTCAGGGAAATTGGGTTCGGGTTTGGGTTGGGATTACTTAGCGATGCCTGAGCTTGAAG
M1,AATTCAGCGATGTTACCTGTTTATGGGGATAAACGTATCTAATTCGTGTACTAATCAGGTAACATCGCTG
M62,AATTCAGGCTCTTGAACTGGGAAGAGGTCCGGTAAATGCAGGGTCAGCCCGGAGAGGTTCAAGAGCCTG
SMV19,AATTCTAAGGCTCCGTACACCAGTGTGTTGAGGTTTGAGCACACTGATAGAGTGTCATACGGAGCCTTAG
SMV21,AATTCGGCCTACGATTACCATGTTTTGTAGGTGTAATAGGTCATGTTAGGGTTTCTGTAATCGTAGGCCG
Primer_loop,CCGTAGCTTAGAGCCTTTAGAACGACAGCTGGATCCTCAATGGCCTAGCTCAATCG
Dummy loop,AATTCGGCACCGTTATAGGACTCTTGCAATATAACGGTGCCG
